No.,등록번호,참조번호,품명(사업명),수요기관,사전규격공개일시,업체등록의견수,공고링크,키워드
1,1418942,ESG경영팀-1037,2024년 중소기업 AI·빅데이터 분석 및 활용 지원사업 용역,고양산업진흥원,2024/03/15 09:42,0,https://www.g2b.go.kr:8082/ep/preparation/prestd/preStdDtl.do?preStdRegNo=1418942&referNo=&srchCl=&srchNo=&instCl=2&taskClCd=5&prodNm=%B5%A5%C0%CC%C5%CD&swbizTgYn=&instNm=&dminstCd=&fromRcptDt=2024%2F03%2F12&toRcptDt=2024%2F03%2F15&listPageCount=&orderbyItem=1&instSearchRange=&myProdSearchYn=&searchDetailPrdnmNo=&searchDetailPrdnm=&pubYn=Y&taskClCds=5&recordCountPerPage=100,데이터
2,1418879,002480064200001,빅데이터 플랫폼 및 센터 성과관리,한국지능정보사회진흥원,2024/03/15 08:26,0,https://www.g2b.go.kr:8082/ep/preparation/prestd/preStdDtl.do?preStdRegNo=1418879&referNo=&srchCl=&srchNo=&instCl=2&taskClCd=5&prodNm=%B5%A5%C0%CC%C5%CD&swbizTgYn=&instNm=&dminstCd=&fromRcptDt=2024%2F03%2F12&toRcptDt=2024%2F03%2F15&listPageCount=&orderbyItem=1&instSearchRange=&myProdSearchYn=&searchDetailPrdnmNo=&searchDetailPrdnm=&pubYn=Y&taskClCds=5&recordCountPerPage=100,데이터
3,1418530,002460035600001,2024년 빅데이터 통계작성 통합 시스템 개선 사업,통계청,2024/03/14 15:42,0,https://www.g2b.go.kr:8082/ep/preparation/prestd/preStdDtl.do?preStdRegNo=1418530&referNo=&srchCl=&srchNo=&instCl=2&taskClCd=5&prodNm=%B5%A5%C0%CC%C5%CD&swbizTgYn=&instNm=&dminstCd=&fromRcptDt=2024%2F03%2F12&toRcptDt=2024%2F03%2F15&listPageCount=&orderbyItem=1&instSearchRange=&myProdSearchYn=&searchDetailPrdnmNo=&searchDetailPrdnm=&pubYn=Y&taskClCds=5&recordCountPerPage=100,데이터
4,1418484,2024-32,에너지총조사 데이터 관리 시스템 기능 개발,한국에너지공단,2024/03/14 15:08,0,https://www.g2b.go.kr:8082/ep/preparation/prestd/preStdDtl.do?preStdRegNo=1418484&referNo=&srchCl=&srchNo=&instCl=2&taskClCd=5&prodNm=%B5%A5%C0%CC%C5%CD&swbizTgYn=&instNm=&dminstCd=&fromRcptDt=2024%2F03%2F12&toRcptDt=2024%2F03%2F15&listPageCount=&orderbyItem=1&instSearchRange=&myProdSearchYn=&searchDetailPrdnmNo=&searchDetailPrdnm=&pubYn=Y&taskClCds=5&recordCountPerPage=100,데이터
5,1418237,핀테크평가팀-45,24년도 마이데이터 서비스 보안 취약점 점검 위탁,사단법인 금융보안원,2024/03/14 10:17,0,https://www.g2b.go.kr:8082/ep/preparation/prestd/preStdDtl.do?preStdRegNo=1418237&referNo=&srchCl=&srchNo=&instCl=2&taskClCd=5&prodNm=%B5%A5%C0%CC%C5%CD&swbizTgYn=&instNm=&dminstCd=&fromRcptDt=2024%2F03%2F12&toRcptDt=2024%2F03%2F15&listPageCount=&orderbyItem=1&instSearchRange=&myProdSearchYn=&searchDetailPrdnmNo=&searchDetailPrdnm=&pubYn=Y&taskClCds=5&recordCountPerPage=100,데이터
6,1418046,002480063300001,빅데이터 플랫폼 및 센터의 데이터 표준화 및 품질관리,한국지능정보사회진흥원,2024/03/13 18:53,0,https://www.g2b.go.kr:8082/ep/preparation/prestd/preStdDtl.do?preStdRegNo=1418046&referNo=&srchCl=&srchNo=&instCl=2&taskClCd=5&prodNm=%B5%A5%C0%CC%C5%CD&swbizTgYn=&instNm=&dminstCd=&fromRcptDt=2024%2F03%2F12&toRcptDt=2024%2F03%2F15&listPageCount=&orderbyItem=1&instSearchRange=&myProdSearchYn=&searchDetailPrdnmNo=&searchDetailPrdnm=&pubYn=Y&taskClCds=5&recordCountPerPage=100,데이터
7,1417980,122480866200001,2024년 마이데이터 컨설팅 및 교육 지원 용역,한국데이터산업진흥원,2024/03/13 17:57,0,https://www.g2b.go.kr:8082/ep/preparation/prestd/preStdDtl.do?preStdRegNo=1417980&referNo=&srchCl=&srchNo=&instCl=2&taskClCd=5&prodNm=%B5%A5%C0%CC%C5%CD&swbizTgYn=&instNm=&dminstCd=&fromRcptDt=2024%2F03%2F12&toRcptDt=2024%2F03%2F15&listPageCount=&orderbyItem=1&instSearchRange=&myProdSearchYn=&searchDetailPrdnmNo=&searchDetailPrdnm=&pubYn=Y&taskClCds=5&recordCountPerPage=100,데이터
8,1417800,2024-03,상표 빅데이터 수집 및 정제,한국지식재산연구원,2024/03/13 15:46,0,https://www.g2b.go.kr:8082/ep/preparation/prestd/preStdDtl.do?preStdRegNo=1417800&referNo=&srchCl=&srchNo=&instCl=2&taskClCd=5&prodNm=%B5%A5%C0%CC%C5%CD&swbizTgYn=&instNm=&dminstCd=&fromRcptDt=2024%2F03%2F12&toRcptDt=2024%2F03%2F15&listPageCount=&orderbyItem=1&instSearchRange=&myProdSearchYn=&searchDetailPrdnmNo=&searchDetailPrdnm=&pubYn=Y&taskClCds=5&recordCountPerPage=100,데이터
9,1417732,002460035200001,데이터기반 산림행정업무시스템(e-푸른샘)구축 1차,산림청,2024/03/13 15:01,0,https://www.g2b.go.kr:8082/ep/preparation/prestd/preStdDtl.do?preStdRegNo=1417732&referNo=&srchCl=&srchNo=&instCl=2&taskClCd=5&prodNm=%B5%A5%C0%CC%C5%CD&swbizTgYn=&instNm=&dminstCd=&fromRcptDt=2024%2F03%2F12&toRcptDt=2024%2F03%2F15&listPageCount=&orderbyItem=1&instSearchRange=&myProdSearchYn=&searchDetailPrdnmNo=&searchDetailPrdnm=&pubYn=Y&taskClCds=5&recordCountPerPage=100,데이터
10,1417681,002460034900001,국가과학기술 지식정보서비스 운영 유지 및 데이터 수집/연계/정제 관리,한국과학기술정보연구원,2024/03/13 14:17,1,https://www.g2b.go.kr:8082/ep/preparation/prestd/preStdDtl.do?preStdRegNo=1417681&referNo=&srchCl=&srchNo=&instCl=2&taskClCd=5&prodNm=%B5%A5%C0%CC%C5%CD&swbizTgYn=&instNm=&dminstCd=&fromRcptDt=2024%2F03%2F12&toRcptDt=2024%2F03%2F15&listPageCount=&orderbyItem=1&instSearchRange=&myProdSearchYn=&searchDetailPrdnmNo=&searchDetailPrdnm=&pubYn=Y&taskClCds=5&recordCountPerPage=100,데이터
11,1417623,진주문화관광재단-1420,진주시 5대 축제 만족도 평가 및 빅데이터 분석,진주문화관광재단,2024/03/13 13:24,0,https://www.g2b.go.kr:8082/ep/preparation/prestd/preStdDtl.do?preStdRegNo=1417623&referNo=&srchCl=&srchNo=&instCl=2&taskClCd=5&prodNm=%B5%A5%C0%CC%C5%CD&swbizTgYn=&instNm=&dminstCd=&fromRcptDt=2024%2F03%2F12&toRcptDt=2024%2F03%2F15&listPageCount=&orderbyItem=1&instSearchRange=&myProdSearchYn=&searchDetailPrdnmNo=&searchDetailPrdnm=&pubYn=Y&taskClCds=5&recordCountPerPage=100,데이터
12,1417560,계약부-958호,2024년도 ICT·데이터 전문가 육성 교육 용역,건강보험심사평가원,2024/03/13 11:27,0,https://www.g2b.go.kr:8082/ep/preparation/prestd/preStdDtl.do?preStdRegNo=1417560&referNo=&srchCl=&srchNo=&instCl=2&taskClCd=5&prodNm=%B5%A5%C0%CC%C5%CD&swbizTgYn=&instNm=&dminstCd=&fromRcptDt=2024%2F03%2F12&toRcptDt=2024%2F03%2F15&listPageCount=&orderbyItem=1&instSearchRange=&myProdSearchYn=&searchDetailPrdnmNo=&searchDetailPrdnm=&pubYn=Y&taskClCds=5&recordCountPerPage=100,데이터
13,1417364,122480828100001,2024년 데이터자격검정 실기시험 운영 위탁 용역,한국데이터산업진흥원,2024/03/13 08:52,0,https://www.g2b.go.kr:8082/ep/preparation/prestd/preStdDtl.do?preStdRegNo=1417364&referNo=&srchCl=&srchNo=&instCl=2&taskClCd=5&prodNm=%B5%A5%C0%CC%C5%CD&swbizTgYn=&instNm=&dminstCd=&fromRcptDt=2024%2F03%2F12&toRcptDt=2024%2F03%2F15&listPageCount=&orderbyItem=1&instSearchRange=&myProdSearchYn=&searchDetailPrdnmNo=&searchDetailPrdnm=&pubYn=Y&taskClCds=5&recordCountPerPage=100,데이터
14,1417272,미래전략실-2784,2024년 공주시 빅데이터 분석사업,충청남도 공주시,2024/03/12 19:22,1,https://www.g2b.go.kr:8082/ep/preparation/prestd/preStdDtl.do?preStdRegNo=1417272&referNo=&srchCl=&srchNo=&instCl=2&taskClCd=5&prodNm=%B5%A5%C0%CC%C5%CD&swbizTgYn=&instNm=&dminstCd=&fromRcptDt=2024%2F03%2F12&toRcptDt=2024%2F03%2F15&listPageCount=&orderbyItem=1&instSearchRange=&myProdSearchYn=&searchDetailPrdnmNo=&searchDetailPrdnm=&pubYn=Y&taskClCds=5&recordCountPerPage=100,데이터
15,1417171,122480841900001,2024년 데이터바우처 지원사업 운영지원 용역,한국데이터산업진흥원,2024/03/12 17:21,0,https://www.g2b.go.kr:8082/ep/preparation/prestd/preStdDtl.do?preStdRegNo=1417171&referNo=&srchCl=&srchNo=&instCl=2&taskClCd=5&prodNm=%B5%A5%C0%CC%C5%CD&swbizTgYn=&instNm=&dminstCd=&fromRcptDt=2024%2F03%2F12&toRcptDt=2024%2F03%2F15&listPageCount=&orderbyItem=1&instSearchRange=&myProdSearchYn=&searchDetailPrdnmNo=&searchDetailPrdnm=&pubYn=Y&taskClCds=5&recordCountPerPage=100,데이터
16,1417096,경영기획본부-2334,통계 데이터 분석 용역,어린이집안전공제회,2024/03/12 16:36,0,https://www.g2b.go.kr:8082/ep/preparation/prestd/preStdDtl.do?preStdRegNo=1417096&referNo=&srchCl=&srchNo=&instCl=2&taskClCd=5&prodNm=%B5%A5%C0%CC%C5%CD&swbizTgYn=&instNm=&dminstCd=&fromRcptDt=2024%2F03%2F12&toRcptDt=2024%2F03%2F15&listPageCount=&orderbyItem=1&instSearchRange=&myProdSearchYn=&searchDetailPrdnmNo=&searchDetailPrdnm=&pubYn=Y&taskClCds=5&recordCountPerPage=100,데이터
17,1416882,2024F0046,"지질자원 연구데이터 정제, 가공 및 데이터세트 구축(V)",한국지질자원연구원,2024/03/12 16:04,0,https://www.g2b.go.kr:8082/ep/preparation/prestd/preStdDtl.do?preStdRegNo=1416882&referNo=&srchCl=&srchNo=&instCl=2&taskClCd=5&prodNm=%B5%A5%C0%CC%C5%CD&swbizTgYn=&instNm=&dminstCd=&fromRcptDt=2024%2F03%2F12&toRcptDt=2024%2F03%2F15&listPageCount=&orderbyItem=1&instSearchRange=&myProdSearchYn=&searchDetailPrdnmNo=&searchDetailPrdnm=&pubYn=Y&taskClCds=5&recordCountPerPage=100,데이터
18,1417053,2024F0047,해저지질분야 연구데이터 표준가이드라인 작성 및 감수,한국지질자원연구원,2024/03/12 16:04,0,https://www.g2b.go.kr:8082/ep/preparation/prestd/preStdDtl.do?preStdRegNo=1417053&referNo=&srchCl=&srchNo=&instCl=2&taskClCd=5&prodNm=%B5%A5%C0%CC%C5%CD&swbizTgYn=&instNm=&dminstCd=&fromRcptDt=2024%2F03%2F12&toRcptDt=2024%2F03%2F15&listPageCount=&orderbyItem=1&instSearchRange=&myProdSearchYn=&searchDetailPrdnmNo=&searchDetailPrdnm=&pubYn=Y&taskClCds=5&recordCountPerPage=100,데이터
19,1417050,PS2024SCF08705,손원일급 잠수함 통합전투체계 데이터분석 S/W 개발,해군군수사령부,2024/03/12 16:01,0,https://www.g2b.go.kr:8082/ep/preparation/prestd/preStdDtl.do?preStdRegNo=1417050&referNo=&srchCl=&srchNo=&instCl=2&taskClCd=5&prodNm=%B5%A5%C0%CC%C5%CD&swbizTgYn=&instNm=&dminstCd=&fromRcptDt=2024%2F03%2F12&toRcptDt=2024%2F03%2F15&listPageCount=&orderbyItem=1&instSearchRange=&myProdSearchYn=&searchDetailPrdnmNo=&searchDetailPrdnm=&pubYn=Y&taskClCds=5&recordCountPerPage=100,데이터
20,1416477,토목1팀-670,"하수관로 신설(확충) 사업[반여, 재송동 일원] 도시정보시스템(UIS) 데이터베이스 구축 용역",부산광역시 건설본부,2024/03/12 15:47,1,https://www.g2b.go.kr:8082/ep/preparation/prestd/preStdDtl.do?preStdRegNo=1416477&referNo=&srchCl=&srchNo=&instCl=2&taskClCd=5&prodNm=%B5%A5%C0%CC%C5%CD&swbizTgYn=&instNm=&dminstCd=&fromRcptDt=2024%2F03%2F12&toRcptDt=2024%2F03%2F15&listPageCount=&orderbyItem=1&instSearchRange=&myProdSearchYn=&searchDetailPrdnmNo=&searchDetailPrdnm=&pubYn=Y&taskClCds=5&recordCountPerPage=100,데이터
21,1416961,경영기획실-1247,2024 충남 데이터 청년 캠퍼스 운영 용역,(재)충남정보문화산업진흥원,2024/03/12 15:05,0,https://www.g2b.go.kr:8082/ep/preparation/prestd/preStdDtl.do?preStdRegNo=1416961&referNo=&srchCl=&srchNo=&instCl=2&taskClCd=5&prodNm=%B5%A5%C0%CC%C5%CD&swbizTgYn=&instNm=&dminstCd=&fromRcptDt=2024%2F03%2F12&toRcptDt=2024%2F03%2F15&listPageCount=&orderbyItem=1&instSearchRange=&myProdSearchYn=&searchDetailPrdnmNo=&searchDetailPrdnm=&pubYn=Y&taskClCds=5&recordCountPerPage=100,데이터
22,1416959,1270000,이민행정 빅데이터 분석·활용을 위한 종합계획 수립,법무부,2024/03/12 15:05,0,https://www.g2b.go.kr:8082/ep/preparation/prestd/preStdDtl.do?preStdRegNo=1416959&referNo=&srchCl=&srchNo=&instCl=2&taskClCd=5&prodNm=%B5%A5%C0%CC%C5%CD&swbizTgYn=&instNm=&dminstCd=&fromRcptDt=2024%2F03%2F12&toRcptDt=2024%2F03%2F15&listPageCount=&orderbyItem=1&instSearchRange=&myProdSearchYn=&searchDetailPrdnmNo=&searchDetailPrdnm=&pubYn=Y&taskClCds=5&recordCountPerPage=100,데이터
23,1416926,20240312000010,2024~2025년 ITS 성능평가 데이터 수집용역,한국도로공사,2024/03/12 14:51,0,https://www.g2b.go.kr:8082/ep/preparation/prestd/preStdDtl.do?preStdRegNo=1416926&referNo=&srchCl=&srchNo=&instCl=2&taskClCd=5&prodNm=%B5%A5%C0%CC%C5%CD&swbizTgYn=&instNm=&dminstCd=&fromRcptDt=2024%2F03%2F12&toRcptDt=2024%2F03%2F15&listPageCount=&orderbyItem=1&instSearchRange=&myProdSearchYn=&searchDetailPrdnmNo=&searchDetailPrdnm=&pubYn=Y&taskClCds=5&recordCountPerPage=100,데이터
24,1416892,332431415200001,[정보화/중앙/바이오빅데이터과] 2024년 보건의료연구자원정보센터 정보관리실 인프라 운영 및 유지관리,질병관리청 국립보건연구원,2024/03/12 14:32,0,https://www.g2b.go.kr:8082/ep/preparation/prestd/preStdDtl.do?preStdRegNo=1416892&referNo=&srchCl=&srchNo=&instCl=2&taskClCd=5&prodNm=%B5%A5%C0%CC%C5%CD&swbizTgYn=&instNm=&dminstCd=&fromRcptDt=2024%2F03%2F12&toRcptDt=2024%2F03%2F15&listPageCount=&orderbyItem=1&instSearchRange=&myProdSearchYn=&searchDetailPrdnmNo=&searchDetailPrdnm=&pubYn=Y&taskClCds=5&recordCountPerPage=100,데이터
25,1416832,2024-0138,자연어처리 기반의 사이버안보 정책 데이터 수집ㆍ분석 도구 개발 용역,국가보안기술연구소,2024/03/12 13:44,1,https://www.g2b.go.kr:8082/ep/preparation/prestd/preStdDtl.do?preStdRegNo=1416832&referNo=&srchCl=&srchNo=&instCl=2&taskClCd=5&prodNm=%B5%A5%C0%CC%C5%CD&swbizTgYn=&instNm=&dminstCd=&fromRcptDt=2024%2F03%2F12&toRcptDt=2024%2F03%2F15&listPageCount=&orderbyItem=1&instSearchRange=&myProdSearchYn=&searchDetailPrdnmNo=&searchDetailPrdnm=&pubYn=Y&taskClCds=5&recordCountPerPage=100,데이터
1,1418942,ESG경영팀-1037,2024년 중소기업 AI·빅데이터 분석 및 활용 지원사업 용역,고양산업진흥원,2024/03/15 09:42,0,https://www.g2b.go.kr:8082/ep/preparation/prestd/preStdDtl.do?preStdRegNo=1418942&referNo=&srchCl=&srchNo=&instCl=2&taskClCd=5&prodNm=AI&swbizTgYn=&instNm=&dminstCd=&fromRcptDt=2024%2F03%2F12&toRcptDt=2024%2F03%2F15&listPageCount=&orderbyItem=1&instSearchRange=&myProdSearchYn=&searchDetailPrdnmNo=&searchDetailPrdnm=&pubYn=Y&taskClCds=5&recordCountPerPage=100,AI
2,1418480,1982,"한림대학교 K-고등교육모델, AI교육 솔루션 발표자료 및 PoC 제작·시연 용역 업체 선정",한림대학교,2024/03/15 09:19,0,https://www.g2b.go.kr:8082/ep/preparation/prestd/preStdDtl.do?preStdRegNo=1418480&referNo=&srchCl=&srchNo=&instCl=2&taskClCd=5&prodNm=AI&swbizTgYn=&instNm=&dminstCd=&fromRcptDt=2024%2F03%2F12&toRcptDt=2024%2F03%2F15&listPageCount=&orderbyItem=1&instSearchRange=&myProdSearchYn=&searchDetailPrdnmNo=&searchDetailPrdnm=&pubYn=Y&taskClCds=5&recordCountPerPage=100,AI
3,1418663,PS2024UMM09264,24-N-AI(인공지능) 면접체계 시범적용,국방부 국군재정관리단,2024/03/14 17:16,0,https://www.g2b.go.kr:8082/ep/preparation/prestd/preStdDtl.do?preStdRegNo=1418663&referNo=&srchCl=&srchNo=&instCl=2&taskClCd=5&prodNm=AI&swbizTgYn=&instNm=&dminstCd=&fromRcptDt=2024%2F03%2F12&toRcptDt=2024%2F03%2F15&listPageCount=&orderbyItem=1&instSearchRange=&myProdSearchYn=&searchDetailPrdnmNo=&searchDetailPrdnm=&pubYn=Y&taskClCds=5&recordCountPerPage=100,AI
4,1417983,AI사이버팀-325,AI 적용 무기체계의 시스템 수준 평가방안 연구,국방기술품질원,2024/03/13 17:58,0,https://www.g2b.go.kr:8082/ep/preparation/prestd/preStdDtl.do?preStdRegNo=1417983&referNo=&srchCl=&srchNo=&instCl=2&taskClCd=5&prodNm=AI&swbizTgYn=&instNm=&dminstCd=&fromRcptDt=2024%2F03%2F12&toRcptDt=2024%2F03%2F15&listPageCount=&orderbyItem=1&instSearchRange=&myProdSearchYn=&searchDetailPrdnmNo=&searchDetailPrdnm=&pubYn=Y&taskClCds=5&recordCountPerPage=100,AI
5,1417550,2024-사전-12,중등 국어 AI 디지털교과서 서비스 모델 프로토타입 개발 연구,한국교육학술정보원,2024/03/13 11:17,0,https://www.g2b.go.kr:8082/ep/preparation/prestd/preStdDtl.do?preStdRegNo=1417550&referNo=&srchCl=&srchNo=&instCl=2&taskClCd=5&prodNm=AI&swbizTgYn=&instNm=&dminstCd=&fromRcptDt=2024%2F03%2F12&toRcptDt=2024%2F03%2F15&listPageCount=&orderbyItem=1&instSearchRange=&myProdSearchYn=&searchDetailPrdnmNo=&searchDetailPrdnm=&pubYn=Y&taskClCds=5&recordCountPerPage=100,AI
6,1417548,2024-사전-11,초등 국어 AI 디지털교과서 서비스 모델 프로토타입 개발 연구,한국교육학술정보원,2024/03/13 11:16,0,https://www.g2b.go.kr:8082/ep/preparation/prestd/preStdDtl.do?preStdRegNo=1417548&referNo=&srchCl=&srchNo=&instCl=2&taskClCd=5&prodNm=AI&swbizTgYn=&instNm=&dminstCd=&fromRcptDt=2024%2F03%2F12&toRcptDt=2024%2F03%2F15&listPageCount=&orderbyItem=1&instSearchRange=&myProdSearchYn=&searchDetailPrdnmNo=&searchDetailPrdnm=&pubYn=Y&taskClCds=5&recordCountPerPage=100,AI
7,1417534,222434053400001,AI기반 유해물질 확산 예측 모델링 시스템 구축 용역,영진기술 주식회사,2024/03/13 11:01,0,https://www.g2b.go.kr:8082/ep/preparation/prestd/preStdDtl.do?preStdRegNo=1417534&referNo=&srchCl=&srchNo=&instCl=2&taskClCd=5&prodNm=AI&swbizTgYn=&instNm=&dminstCd=&fromRcptDt=2024%2F03%2F12&toRcptDt=2024%2F03%2F15&listPageCount=&orderbyItem=1&instSearchRange=&myProdSearchYn=&searchDetailPrdnmNo=&searchDetailPrdnm=&pubYn=Y&taskClCds=5&recordCountPerPage=100,AI
8,1417510,2024-사전-14,중등 기술가정 AI디지털교과서 서비스 모델 및 프로토타입 개발 연구,한국교육학술정보원,2024/03/13 10:46,0,https://www.g2b.go.kr:8082/ep/preparation/prestd/preStdDtl.do?preStdRegNo=1417510&referNo=&srchCl=&srchNo=&instCl=2&taskClCd=5&prodNm=AI&swbizTgYn=&instNm=&dminstCd=&fromRcptDt=2024%2F03%2F12&toRcptDt=2024%2F03%2F15&listPageCount=&orderbyItem=1&instSearchRange=&myProdSearchYn=&searchDetailPrdnmNo=&searchDetailPrdnm=&pubYn=Y&taskClCds=5&recordCountPerPage=100,AI
9,1417508,2024-사전-13,초등 실과 AI디지털교과서 서비스 모델 및 프로토타입 개발 연구,한국교육학술정보원,2024/03/13 10:45,0,https://www.g2b.go.kr:8082/ep/preparation/prestd/preStdDtl.do?preStdRegNo=1417508&referNo=&srchCl=&srchNo=&instCl=2&taskClCd=5&prodNm=AI&swbizTgYn=&instNm=&dminstCd=&fromRcptDt=2024%2F03%2F12&toRcptDt=2024%2F03%2F15&listPageCount=&orderbyItem=1&instSearchRange=&myProdSearchYn=&searchDetailPrdnmNo=&searchDetailPrdnm=&pubYn=Y&taskClCds=5&recordCountPerPage=100,AI
10,1417498,2024-사전-10,중등 과학 AI 디지털교과서 서비스 모델 및 프로토타입 개발 연구,한국교육학술정보원,2024/03/13 10:39,0,https://www.g2b.go.kr:8082/ep/preparation/prestd/preStdDtl.do?preStdRegNo=1417498&referNo=&srchCl=&srchNo=&instCl=2&taskClCd=5&prodNm=AI&swbizTgYn=&instNm=&dminstCd=&fromRcptDt=2024%2F03%2F12&toRcptDt=2024%2F03%2F15&listPageCount=&orderbyItem=1&instSearchRange=&myProdSearchYn=&searchDetailPrdnmNo=&searchDetailPrdnm=&pubYn=Y&taskClCds=5&recordCountPerPage=100,AI
11,1417495,2024-사전-09,초등 과학 AI 디지털교과서 서비스 모델 및 프로토타입 개발 연구,한국교육학술정보원,2024/03/13 10:38,0,https://www.g2b.go.kr:8082/ep/preparation/prestd/preStdDtl.do?preStdRegNo=1417495&referNo=&srchCl=&srchNo=&instCl=2&taskClCd=5&prodNm=AI&swbizTgYn=&instNm=&dminstCd=&fromRcptDt=2024%2F03%2F12&toRcptDt=2024%2F03%2F15&listPageCount=&orderbyItem=1&instSearchRange=&myProdSearchYn=&searchDetailPrdnmNo=&searchDetailPrdnm=&pubYn=Y&taskClCds=5&recordCountPerPage=100,AI
12,1417494,2024-사전-08,초등 사회 AI 디지털교과서 서비스 모델 및 프로토타입 개발 연구,한국교육학술정보원,2024/03/13 10:37,0,https://www.g2b.go.kr:8082/ep/preparation/prestd/preStdDtl.do?preStdRegNo=1417494&referNo=&srchCl=&srchNo=&instCl=2&taskClCd=5&prodNm=AI&swbizTgYn=&instNm=&dminstCd=&fromRcptDt=2024%2F03%2F12&toRcptDt=2024%2F03%2F15&listPageCount=&orderbyItem=1&instSearchRange=&myProdSearchYn=&searchDetailPrdnmNo=&searchDetailPrdnm=&pubYn=Y&taskClCds=5&recordCountPerPage=100,AI
13,1417437,242432566700001,2024년 AI 보안 산업 진흥 프로그램 운영 용역,한국인터넷진흥원,2024/03/13 09:51,0,https://www.g2b.go.kr:8082/ep/preparation/prestd/preStdDtl.do?preStdRegNo=1417437&referNo=&srchCl=&srchNo=&instCl=2&taskClCd=5&prodNm=AI&swbizTgYn=&instNm=&dminstCd=&fromRcptDt=2024%2F03%2F12&toRcptDt=2024%2F03%2F15&listPageCount=&orderbyItem=1&instSearchRange=&myProdSearchYn=&searchDetailPrdnmNo=&searchDetailPrdnm=&pubYn=Y&taskClCds=5&recordCountPerPage=100,AI
14,1417207,2024-46,AI 등 기반 디지털의료제품 보안지침 마련 연구,식품의약품안전처,2024/03/12 17:46,0,https://www.g2b.go.kr:8082/ep/preparation/prestd/preStdDtl.do?preStdRegNo=1417207&referNo=&srchCl=&srchNo=&instCl=2&taskClCd=5&prodNm=AI&swbizTgYn=&instNm=&dminstCd=&fromRcptDt=2024%2F03%2F12&toRcptDt=2024%2F03%2F15&listPageCount=&orderbyItem=1&instSearchRange=&myProdSearchYn=&searchDetailPrdnmNo=&searchDetailPrdnm=&pubYn=Y&taskClCds=5&recordCountPerPage=100,AI
15,1417206,2024-45,AI 등 기반 디지털의료제품 품질관리 및 우수 관리체계 기준 마련 연구,식품의약품안전처,2024/03/12 17:45,0,https://www.g2b.go.kr:8082/ep/preparation/prestd/preStdDtl.do?preStdRegNo=1417206&referNo=&srchCl=&srchNo=&instCl=2&taskClCd=5&prodNm=AI&swbizTgYn=&instNm=&dminstCd=&fromRcptDt=2024%2F03%2F12&toRcptDt=2024%2F03%2F15&listPageCount=&orderbyItem=1&instSearchRange=&myProdSearchYn=&searchDetailPrdnmNo=&searchDetailPrdnm=&pubYn=Y&taskClCds=5&recordCountPerPage=100,AI
16,1417204,2024-44,AI 등 기반 디지털의료제품 허가·심사 등 방안 마련 연구,식품의약품안전처,2024/03/12 17:45,0,https://www.g2b.go.kr:8082/ep/preparation/prestd/preStdDtl.do?preStdRegNo=1417204&referNo=&srchCl=&srchNo=&instCl=2&taskClCd=5&prodNm=AI&swbizTgYn=&instNm=&dminstCd=&fromRcptDt=2024%2F03%2F12&toRcptDt=2024%2F03%2F15&listPageCount=&orderbyItem=1&instSearchRange=&myProdSearchYn=&searchDetailPrdnmNo=&searchDetailPrdnm=&pubYn=Y&taskClCds=5&recordCountPerPage=100,AI
17,1417200,2024-43,AI 등 기반 디지털의료제품 수수료 적정성 조사·연구,식품의약품안전처,2024/03/12 17:44,0,https://www.g2b.go.kr:8082/ep/preparation/prestd/preStdDtl.do?preStdRegNo=1417200&referNo=&srchCl=&srchNo=&instCl=2&taskClCd=5&prodNm=AI&swbizTgYn=&instNm=&dminstCd=&fromRcptDt=2024%2F03%2F12&toRcptDt=2024%2F03%2F15&listPageCount=&orderbyItem=1&instSearchRange=&myProdSearchYn=&searchDetailPrdnmNo=&searchDetailPrdnm=&pubYn=Y&taskClCds=5&recordCountPerPage=100,AI
18,1417083,위기대응연구담당관-202,"[정책,109] AI 활용 스마트 감염병 감시체계 시범 연구",질병관리청,2024/03/12 16:32,0,https://www.g2b.go.kr:8082/ep/preparation/prestd/preStdDtl.do?preStdRegNo=1417083&referNo=&srchCl=&srchNo=&instCl=2&taskClCd=5&prodNm=AI&swbizTgYn=&instNm=&dminstCd=&fromRcptDt=2024%2F03%2F12&toRcptDt=2024%2F03%2F15&listPageCount=&orderbyItem=1&instSearchRange=&myProdSearchYn=&searchDetailPrdnmNo=&searchDetailPrdnm=&pubYn=Y&taskClCds=5&recordCountPerPage=100,AI
19,1417042,금강홍수통제소,금강권역 AI 홍수예보 기준설정 및 홍수대응체계 연구,환경부 금강홍수통제소,2024/03/12 15:55,0,https://www.g2b.go.kr:8082/ep/preparation/prestd/preStdDtl.do?preStdRegNo=1417042&referNo=&srchCl=&srchNo=&instCl=2&taskClCd=5&prodNm=AI&swbizTgYn=&instNm=&dminstCd=&fromRcptDt=2024%2F03%2F12&toRcptDt=2024%2F03%2F15&listPageCount=&orderbyItem=1&instSearchRange=&myProdSearchYn=&searchDetailPrdnmNo=&searchDetailPrdnm=&pubYn=Y&taskClCds=5&recordCountPerPage=100,AI
20,1416711,122480827300001,제2차 인공지능의 책임 있는 군사적 이용(REAIM)에 관한 고위급회의 종합홍보 용역,외교부,2024/03/12 10:50,0,https://www.g2b.go.kr:8082/ep/preparation/prestd/preStdDtl.do?preStdRegNo=1416711&referNo=&srchCl=&srchNo=&instCl=2&taskClCd=5&prodNm=AI&swbizTgYn=&instNm=&dminstCd=&fromRcptDt=2024%2F03%2F12&toRcptDt=2024%2F03%2F15&listPageCount=&orderbyItem=1&instSearchRange=&myProdSearchYn=&searchDetailPrdnmNo=&searchDetailPrdnm=&pubYn=Y&taskClCds=5&recordCountPerPage=100,AI
1,1418663,PS2024UMM09264,24-N-AI(인공지능) 면접체계 시범적용,국방부 국군재정관리단,2024/03/14 17:16,0,https://www.g2b.go.kr:8082/ep/preparation/prestd/preStdDtl.do?preStdRegNo=1418663&referNo=&srchCl=&srchNo=&instCl=2&taskClCd=5&prodNm=%C0%CE%B0%F8%C1%F6%B4%C9&swbizTgYn=&instNm=&dminstCd=&fromRcptDt=2024%2F03%2F12&toRcptDt=2024%2F03%2F15&listPageCount=&orderbyItem=1&instSearchRange=&myProdSearchYn=&searchDetailPrdnmNo=&searchDetailPrdnm=&pubYn=Y&taskClCds=5&recordCountPerPage=100,인공지능
2,1418067,운영지원과-4332,인공지능 기반 가막만 빈산소수괴 변동 예측모델 적용 및 성능개선,해양수산부 국립수산과학원,2024/03/13 19:22,0,https://www.g2b.go.kr:8082/ep/preparation/prestd/preStdDtl.do?preStdRegNo=1418067&referNo=&srchCl=&srchNo=&instCl=2&taskClCd=5&prodNm=%C0%CE%B0%F8%C1%F6%B4%C9&swbizTgYn=&instNm=&dminstCd=&fromRcptDt=2024%2F03%2F12&toRcptDt=2024%2F03%2F15&listPageCount=&orderbyItem=1&instSearchRange=&myProdSearchYn=&searchDetailPrdnmNo=&searchDetailPrdnm=&pubYn=Y&taskClCds=5&recordCountPerPage=100,인공지능
3,1417290,차세대정보산업실-444,인공지능 기반 암치유센터 운영모델 연구,강원대학교병원,2024/03/12 19:51,0,https://www.g2b.go.kr:8082/ep/preparation/prestd/preStdDtl.do?preStdRegNo=1417290&referNo=&srchCl=&srchNo=&instCl=2&taskClCd=5&prodNm=%C0%CE%B0%F8%C1%F6%B4%C9&swbizTgYn=&instNm=&dminstCd=&fromRcptDt=2024%2F03%2F12&toRcptDt=2024%2F03%2F15&listPageCount=&orderbyItem=1&instSearchRange=&myProdSearchYn=&searchDetailPrdnmNo=&searchDetailPrdnm=&pubYn=Y&taskClCds=5&recordCountPerPage=100,인공지능
4,1416800,산단일비03-06,발달장애 진단보조 인공지능 플랫폼 아이보리 딥러닝 진단모델 개발 용역,가톨릭대학교 산학협력단,2024/03/12 13:20,0,https://www.g2b.go.kr:8082/ep/preparation/prestd/preStdDtl.do?preStdRegNo=1416800&referNo=&srchCl=&srchNo=&instCl=2&taskClCd=5&prodNm=%C0%CE%B0%F8%C1%F6%B4%C9&swbizTgYn=&instNm=&dminstCd=&fromRcptDt=2024%2F03%2F12&toRcptDt=2024%2F03%2F15&listPageCount=&orderbyItem=1&instSearchRange=&myProdSearchYn=&searchDetailPrdnmNo=&searchDetailPrdnm=&pubYn=Y&taskClCds=5&recordCountPerPage=100,인공지능
5,1416711,122480827300001,제2차 인공지능의 책임 있는 군사적 이용(REAIM)에 관한 고위급회의 종합홍보 용역,외교부,2024/03/12 10:50,0,https://www.g2b.go.kr:8082/ep/preparation/prestd/preStdDtl.do?preStdRegNo=1416711&referNo=&srchCl=&srchNo=&instCl=2&taskClCd=5&prodNm=%C0%CE%B0%F8%C1%F6%B4%C9&swbizTgYn=&instNm=&dminstCd=&fromRcptDt=2024%2F03%2F12&toRcptDt=2024%2F03%2F15&listPageCount=&orderbyItem=1&instSearchRange=&myProdSearchYn=&searchDetailPrdnmNo=&searchDetailPrdnm=&pubYn=Y&taskClCds=5&recordCountPerPage=100,인공지능
1,1418815,woanrhk-4733,2024년 NASA 글로벌 캠프 위탁용역,전북특별자치도교육청,2024/03/14 19:33,0,https://www.g2b.go.kr:8082/ep/preparation/prestd/preStdDtl.do?preStdRegNo=1418815&referNo=&srchCl=&srchNo=&instCl=2&taskClCd=5&prodNm=NAS&swbizTgYn=&instNm=&dminstCd=&fromRcptDt=2024%2F03%2F12&toRcptDt=2024%2F03%2F15&listPageCount=&orderbyItem=1&instSearchRange=&myProdSearchYn=&searchDetailPrdnmNo=&searchDetailPrdnm=&pubYn=Y&taskClCds=5&recordCountPerPage=100,NAS
